{
  "hash": "632210e5",
  "configHash": "1a56eaf4",
  "lockfileHash": "2190bc56",
  "browserHash": "84bb5ec3",
  "optimized": {
    "@angular/common/http": {
      "src": "../../../../../../node_modules/@angular/common/fesm2022/http.mjs",
      "file": "@angular_common_http.js",
      "fileHash": "8288f181",
      "needsInterop": false
    },
    "@angular/core": {
      "src": "../../../../../../node_modules/@angular/core/fesm2022/core.mjs",
      "file": "@angular_core.js",
      "fileHash": "c3b6efcd",
      "needsInterop": false
    },
    "@angular/platform-browser": {
      "src": "../../../../../../node_modules/@angular/platform-browser/fesm2022/platform-browser.mjs",
      "file": "@angular_platform-browser.js",
      "fileHash": "7ed4b994",
      "needsInterop": false
    },
    "@angular/router": {
      "src": "../../../../../../node_modules/@angular/router/fesm2022/router.mjs",
      "file": "@angular_router.js",
      "fileHash": "9c024c8e",
      "needsInterop": false
    },
    "zone.js": {
      "src": "../../../../../../node_modules/zone.js/fesm2015/zone.js",
      "file": "zone__js.js",
      "fileHash": "16fd2c29",
      "needsInterop": true
    }
  },
  "chunks": {
    "chunk-IKI73AKJ": {
      "file": "chunk-IKI73AKJ.js"
    },
    "chunk-24I4KDYA": {
      "file": "chunk-24I4KDYA.js"
    },
    "chunk-CPBYHSOY": {
      "file": "chunk-CPBYHSOY.js"
    },
    "chunk-WDMUDEB6": {
      "file": "chunk-WDMUDEB6.js"
    }
  }
}